batch_size,total_images,wall_sec,throughput_img_per_sec
1,20623,60.0,343.71666666666664
2,33058,60.0,550.9666666666667
3,37293,60.0,621.55
4,37624,60.0,627.0666666666667
5,38070,60.0,634.5
6,38160,60.0,636.0
7,38017,60.0,633.6166666666667
8,37976,60.0,632.9333333333333
9,38160,60.0,636.0
10,38130,60.0,635.5
11,38159,60.0,635.9833333333333
12,38100,60.0,635.0
13,37921,60.0,632.0166666666667
14,38290,60.0,638.1666666666666
15,38220,60.0,637.0
16,38304,60.0,638.4
