batch_size,total_images,wall_sec,throughput_img_per_sec
1,312,60.0,5.2
2,358,60.0,5.966666666666667
3,369,60.0,6.15
4,360,60.0,6.0
5,375,60.0,6.25
6,378,60.0,6.3
7,378,60.0,6.3
8,384,60.0,6.4
9,387,60.0,6.45
10,390,60.0,6.5
11,374,60.0,6.233333333333333
12,384,60.0,6.4
13,390,60.0,6.5
14,378,60.0,6.3
15,375,60.0,6.25
16,384,60.0,6.4
